{"app":["/app-83fcb32d636c4a7f668b.js"],"component---cache-caches-gatsby-plugin-offline-app-shell-js":["/component---cache-caches-gatsby-plugin-offline-app-shell-js-3ecdc9640efe42acf30e.js"],"component---src-pages-404-js":["/component---src-pages-404-js-d03f9ce317cde89954fc.js"],"component---src-pages-index-2-js":["/component---src-pages-index-2-js-d8d0fb0a2a853c75cedb.js"],"component---src-pages-index-js":["/component---src-pages-index-js-fa3d9766978c4989ff59.js"],"component---src-templates-page-js":["/component---src-templates-page-js-a5047f2cfe00b08c428f.js"],"component---src-templates-post-js":["/component---src-templates-post-js-43f79d332c3ebd87b242.js"]}