{"errors":[],"warnings":[],"namedChunkGroups":{"app":{"chunks":[13,11,12,3],"assets":["webpack-runtime-efcb3a94d077cae3885a.js","webpack-runtime-efcb3a94d077cae3885a.js.map","framework-59a9ef51c55d9b62f7de.js","framework-59a9ef51c55d9b62f7de.js.map","styles.a8d404c8643deb2471df.css","styles-09367947dddffb36886c.js","styles-09367947dddffb36886c.js.map","app-83fcb32d636c4a7f668b.js","app-83fcb32d636c4a7f668b.js.map"],"children":{},"childAssets":{}},"component---cache-caches-gatsby-plugin-offline-app-shell-js":{"chunks":[5],"assets":["component---cache-caches-gatsby-plugin-offline-app-shell-js-3ecdc9640efe42acf30e.js","component---cache-caches-gatsby-plugin-offline-app-shell-js-3ecdc9640efe42acf30e.js.map"],"children":{},"childAssets":{}},"component---src-pages-404-js":{"chunks":[0,6],"assets":["284da15516917c324477a862d7d87aa18092acdc-8dcbd1ca8a241ab35a28.js","284da15516917c324477a862d7d87aa18092acdc-8dcbd1ca8a241ab35a28.js.map","component---src-pages-404-js-d03f9ce317cde89954fc.js","component---src-pages-404-js-d03f9ce317cde89954fc.js.map"],"children":{},"childAssets":{}},"component---src-pages-index-2-js":{"chunks":[1,2,7],"assets":["f2205528679b2892bc958002c7af98d10b0089fe-0f5fa913e7cfc8601098.js","f2205528679b2892bc958002c7af98d10b0089fe-0f5fa913e7cfc8601098.js.map","af4000f3fe1cfbe71df4b32de1ebbaf80ef1d2a0-d5f994913f6358dcf3e8.js","af4000f3fe1cfbe71df4b32de1ebbaf80ef1d2a0-d5f994913f6358dcf3e8.js.map","component---src-pages-index-2-js-d8d0fb0a2a853c75cedb.js","component---src-pages-index-2-js-d8d0fb0a2a853c75cedb.js.map"],"children":{},"childAssets":{}},"component---src-pages-index-js":{"chunks":[0,1,2,8],"assets":["284da15516917c324477a862d7d87aa18092acdc-8dcbd1ca8a241ab35a28.js","284da15516917c324477a862d7d87aa18092acdc-8dcbd1ca8a241ab35a28.js.map","f2205528679b2892bc958002c7af98d10b0089fe-0f5fa913e7cfc8601098.js","f2205528679b2892bc958002c7af98d10b0089fe-0f5fa913e7cfc8601098.js.map","af4000f3fe1cfbe71df4b32de1ebbaf80ef1d2a0-d5f994913f6358dcf3e8.js","af4000f3fe1cfbe71df4b32de1ebbaf80ef1d2a0-d5f994913f6358dcf3e8.js.map","component---src-pages-index-js-fa3d9766978c4989ff59.js","component---src-pages-index-js-fa3d9766978c4989ff59.js.map"],"children":{},"childAssets":{}},"component---src-templates-page-js":{"chunks":[0,9],"assets":["284da15516917c324477a862d7d87aa18092acdc-8dcbd1ca8a241ab35a28.js","284da15516917c324477a862d7d87aa18092acdc-8dcbd1ca8a241ab35a28.js.map","component---src-templates-page-js-a5047f2cfe00b08c428f.js","component---src-templates-page-js-a5047f2cfe00b08c428f.js.map"],"children":{},"childAssets":{}},"component---src-templates-post-js":{"chunks":[4,0,1,10],"assets":["b637e9a5-b0b6a2ae30f5b9b1263a.js","b637e9a5-b0b6a2ae30f5b9b1263a.js.map","284da15516917c324477a862d7d87aa18092acdc-8dcbd1ca8a241ab35a28.js","284da15516917c324477a862d7d87aa18092acdc-8dcbd1ca8a241ab35a28.js.map","f2205528679b2892bc958002c7af98d10b0089fe-0f5fa913e7cfc8601098.js","f2205528679b2892bc958002c7af98d10b0089fe-0f5fa913e7cfc8601098.js.map","component---src-templates-post-js-43f79d332c3ebd87b242.js","component---src-templates-post-js-43f79d332c3ebd87b242.js.map"],"children":{},"childAssets":{}}},"assetsByChunkName":{"app":["webpack-runtime-efcb3a94d077cae3885a.js","framework-59a9ef51c55d9b62f7de.js","styles.a8d404c8643deb2471df.css","styles-09367947dddffb36886c.js","app-83fcb32d636c4a7f668b.js"],"component---cache-caches-gatsby-plugin-offline-app-shell-js":["component---cache-caches-gatsby-plugin-offline-app-shell-js-3ecdc9640efe42acf30e.js"],"component---src-pages-404-js":["284da15516917c324477a862d7d87aa18092acdc-8dcbd1ca8a241ab35a28.js","component---src-pages-404-js-d03f9ce317cde89954fc.js"],"component---src-pages-index-2-js":["f2205528679b2892bc958002c7af98d10b0089fe-0f5fa913e7cfc8601098.js","af4000f3fe1cfbe71df4b32de1ebbaf80ef1d2a0-d5f994913f6358dcf3e8.js","component---src-pages-index-2-js-d8d0fb0a2a853c75cedb.js"],"component---src-pages-index-js":["284da15516917c324477a862d7d87aa18092acdc-8dcbd1ca8a241ab35a28.js","f2205528679b2892bc958002c7af98d10b0089fe-0f5fa913e7cfc8601098.js","af4000f3fe1cfbe71df4b32de1ebbaf80ef1d2a0-d5f994913f6358dcf3e8.js","component---src-pages-index-js-fa3d9766978c4989ff59.js"],"component---src-templates-page-js":["284da15516917c324477a862d7d87aa18092acdc-8dcbd1ca8a241ab35a28.js","component---src-templates-page-js-a5047f2cfe00b08c428f.js"],"component---src-templates-post-js":["b637e9a5-b0b6a2ae30f5b9b1263a.js","284da15516917c324477a862d7d87aa18092acdc-8dcbd1ca8a241ab35a28.js","f2205528679b2892bc958002c7af98d10b0089fe-0f5fa913e7cfc8601098.js","component---src-templates-post-js-43f79d332c3ebd87b242.js"]}}