{"data":{"allWordpressPage":{"edges":[{"node":{"id":"f544a8fa-e57f-59e2-93a8-3367f683dc23","slug":"impressum","status":"publish","template":"","title":"Impressum"}},{"node":{"id":"a26721e9-941f-5b8e-a94c-b23b889bed3a","slug":"ueber-diesen-blog","status":"publish","template":"","title":"Über diesen Blog"}},{"node":{"id":"f1a45a49-92a9-5959-932c-f9cfcc0f3f9d","slug":"ihre-abschlussarbeit","status":"publish","template":"","title":"Ihre Abschlussarbeit"}},{"node":{"id":"c471156c-69b8-5000-998f-0e4feb08e3db","slug":"fuer-unternehmen","status":"publish","template":"","title":"Für Unternehmen"}},{"node":{"id":"c3cf8650-65ee-57fd-9ad9-4293ed63d843","slug":"die-rwu","status":"publish","template":"","title":"Die RWU"}}]},"wordpressSiteMetadata":{"name":"web &gt;&gt; forward","description":"Der Blog für innovative Webtechnologien an der RWU Hochschule Ravensburg-Weingarten"}}}